,DIN,Keep,Opioid,Form,Route,Brand,MED_per_dispensing_unit,No_tabs/ml assuming 50 MED limit per day,No_tabs/ml assuming 90 MED limit per day,Maximum No_tabs/ml assuming 50 MED limit for 7 days,Maximum No_tabs/ml assuming 50 MED limit for 14 days,Maximum No_tabs/ml assuming 50 MED limit for 30 days,Status1
1,10081,NA,DEXTROPROPOXYPHENE HYDROCHLORIDE 65 MG,TABLET,ORAL,642 TAB,19.5,3,5,21,42,90,CANCELLED POST MARKET
2,50024,NA,CODEINE PHOSPHATE 25 MG,SYRUP,ORAL,CODEINE PHOSPHATE SYRUP,0.96,52,94,364,728,1560,MARKETED
3,95494,NA,CODEINE PHOSPHATE 8 MG,TABLET,ORAL,"ACETYLSALICYLIC ACID, CAFFEINE AND 8MG CODEINE PHOSPHATE",1.2,42,75,294,588,1260,DORMANT
4,108146,NA,DEXTROPROPOXYPHENE HYDROCHLORIDE 65 MG,TABLET,ORAL,692 TAB,19.5,3,5,21,42,90,CANCELLED POST MARKET
5,108162,NA,CODEINE PHOSPHATE 8 MG,TABLET,ORAL,222 TABLETS,1.2,42,75,294,588,1260,CANCELLED POST MARKET
6,125083,Keep,HYDROMORPHONE HYDROCHLORIDE 2 MG,TABLET,ORAL,DILAUDID,10,5,9,35,70,150,MARKETED
7,125121,NA,HYDROMORPHONE HYDROCHLORIDE 4 MG,TABLET,ORAL,DILAUDID,20,2,4,14,28,60,MARKETED
8,151351,NA,DEXTROPROPOXYPHENE HYDROCHLORIDE 65 MG,CAPSULE,ORAL,NOVO-PROPOXYN CAP 65MG,19.5,3,5,21,42,90,CANCELLED POST MARKET
9,176192,Keep,CODEINE PHOSPHATE 15 MG,CAPSULE,ORAL,FIORINAL-C 1/4,2.25,22,40,154,308,660,APPROVED
10,176206,Keep,CODEINE PHOSPHATE 30 MG,CAPSULE,ORAL,FIORINAL-C 1/2,4.5,11,20,77,154,330,MARKETED
11,180041,NA,CODEINE PHOSPHATE 8 MG,TABLET,ORAL,A.C. & C 8MG TAB,1.2,42,75,294,588,1260,MARKETED
12,180041,NA,CODEINE (CODEINE PHOSPHATE) 8 MG,TABLET,ORAL,ACETYLSALICYLIC ACID CAFFEINE & 8MG COD PHOS,1.2,42,75,294,588,1260,CANCELLED POST MARKET
13,261432,NA,DEXTROPROPOXYPHENE NAPSYLATE 100 MG,CAPSULE,ORAL,DARVON-N,19.5,3,5,21,42,90,CANCELLED POST MARKET
14,261459,NA,DEXTROPROPOXYPHENE NAPSYLATE 100 MG,CAPSULE,ORAL,DARVON N COMPOUND PULVULE 405,19.5,3,5,21,42,90,CANCELLED POST MARKET
15,293490,NA,CODEINE PHOSPHATE 8 MG,TABLET,ORAL,ATASOL 8,1.2,42,75,294,588,1260,CANCELLED POST MARKET
16,293504,Keep,CODEINE PHOSPHATE 15 MG,TABLET,ORAL,ATASOL 15,2.25,22,40,154,308,660,MARKETED
17,293512,Keep,CODEINE PHOSPHATE 30 MG,TABLET,ORAL,ATASOL 30,4.5,11,20,77,154,330,CANCELLED POST MARKET
18,392472,NA,OXYCODONE HYDROCHLORIDE 20 MG,SUPPOSITORY,RECTAL,SUPEUDOL 20,40,1,2,7,14,30,MARKETED
19,392480,NA,OXYCODONE HYDROCHLORIDE 10 MG,SUPPOSITORY,RECTAL,SUPEUDOL 10,20,2,4,14,28,60,MARKETED
20,406104,Keep,CODEINE PHOSPHATE 30 MG,TABLET,ORAL,CORYPHEN 650 CODEINE 30 TAB,4.5,11,20,77,154,330,CANCELLED POST MARKET
21,440809,Keep,CODEINE PHOSPHATE 15 MG,TABLET,ORAL,ROUNOX AVEC CODEINE 15TAB,2.25,22,40,154,308,660,CANCELLED POST MARKET
22,443948,NA,OXYCODONE HYDROCHLORIDE 10 MG,TABLET,ORAL,SUPEUDOL 10,15,3,6,21,42,90,MARKETED
23,477672,Keep,CODEINE PHOSPHATE 60 MG,TABLET,ORAL,ROUNOX CODEINE 60 TAB,9,6,10,42,84,180,CANCELLED POST MARKET
24,486582,Keep,MORPHINE HYDROCHLORIDE 1 MG,SYRUP,ORAL,M.O.S. SYRUP 1.0 MG/ML,1,50,90,350,700,1500,CANCELLED POST MARKET
25,514217,Keep,MORPHINE HYDROCHLORIDE 5 MG,SYRUP,ORAL,M.O.S. SYRUP 5MG/ML,5,10,18,70,140,300,CANCELLED POST MARKET
26,591467,Keep,MORPHINE SULFATE 1 MG,SYRUP,ORAL,STATEX SYRUP 1MG/ML,1,50,90,350,700,1500,MARKETED
27,591475,Keep,MORPHINE SULFATE 5 MG,SYRUP,ORAL,STATEX SYRUP 5MG/ML,5,10,18,70,140,300,CANCELLED POST MARKET
28,593435,Keep,CODEINE PHOSPHATE 15 MG,TABLET,ORAL,TEVA-CODEINE,2.25,22,40,154,308,660,APPROVED
29,593451,Keep,CODEINE PHOSPHATE 30 MG,TABLET,ORAL,TEVA-CODEINE,4.5,11,20,77,154,330,MARKETED
30,594636,NA,MORPHINE SULFATE 25 MG,TABLET,ORAL,STATEX TABLET 25MG,25,2,4,14,28,60,MARKETED
31,594644,Keep,MORPHINE SULFATE 10 MG,TABLET,ORAL,STATEX TAB 10MG,10,5,9,35,70,150,MARKETED
32,594652,Keep,MORPHINE SULFATE 5 MG,TABLET,ORAL,STATEX TAB 5MG,5,10,18,70,140,300,MARKETED
33,596965,NA,MORPHINE SULFATE 20 MG,SUPPOSITORY,RECTAL,STATEX SUPPOSITORIES 20MG,60,1,2,7,14,30,MARKETED
34,599131,NA,CODEINE PHOSPHATE 8 MG,TABLET,ORAL,ACETAMINOPHEN COMPOUND TABLETS WITH CODEINE 8MG,1.2,42,75,294,588,1260,CANCELLED POST MARKET
35,607762,Keep,MORPHINE HYDROCHLORIDE 1 MG,SYRUP,ORAL,RATIO-MORPHINE,1,50,90,350,700,1500,CANCELLED POST MARKET
36,607770,Keep,MORPHINE HYDROCHLORIDE 5 MG,SYRUP,ORAL,RATIO-MORPHINE,5,10,18,70,140,300,CANCELLED POST MARKET
37,608157,NA,OXYCODONE HYDROCHLORIDE 5 MG,TABLET,ORAL,TEVA-OXYCODAN,7.5,7,12,49,98,210,APPROVED
38,608165,NA,OXYCODONE HYDROCHLORIDE 5 MG,TABLET,ORAL,TEVA-OXYCOCET,7.5,7,12,49,98,210,APPROVED
39,608181,Keep,CODEINE PHOSPHATE 30 MG,CAPSULE,ORAL,TEVA-TECNAL C 1/2,4.5,11,20,77,154,330,APPROVED
40,608203,Keep,CODEINE PHOSPHATE 15 MG,CAPSULE,ORAL,TEVA-TECNAL C 1/4,2.25,22,40,154,308,660,APPROVED
41,608882,Keep,CODEINE PHOSPHATE 30 MG,TABLET,ORAL,TEVA-EMTEC-30,4.5,11,20,77,154,330,MARKETED
42,614491,Keep,MORPHINE HYDROCHLORIDE 1 MG,SYRUP,ORAL,DOLORAL 1,1,50,90,350,700,1500,MARKETED
43,614505,Keep,MORPHINE HYDROCHLORIDE 5 MG,SYRUP,ORAL,DOLORAL 5 SIROP 5MG/ML,5,10,18,70,140,300,MARKETED
44,615528,NA,CODEINE PHOSPHATE 8 MG,TABLET,ORAL,NOVO-GESIC-C8,1.2,42,75,294,588,1260,CANCELLED POST MARKET
45,617059,NA,CODEINE PHOSPHATE 8 MG,TABLET,ORAL,ACETAMINOPHEN 500 MG COMPOUND TABLETS WITH CODEINE,1.2,42,75,294,588,1260,CANCELLED POST MARKET
46,621463,Keep,CODEINE PHOSPHATE 60 MG,TABLET,ORAL,TEVA-LENOLTEC NO. 4,9,6,10,42,84,180,APPROVED
47,621935,NA,MORPHINE SULFATE 20 MG,DROPS,ORAL,STATEX DROPS 20MG/ML,20,2,4,14,28,60,CANCELLED POST MARKET
48,632201,Keep,MORPHINE SULFATE 10 MG,SUPPOSITORY,RECTAL,STATEX-SUPPOSITORIES 10MG,30,2,3,14,28,60,MARKETED
49,632228,Keep,MORPHINE SULFATE 5 MG,SUPPOSITORY,RECTAL,STATEX SUPPOSITORIES 5MG,15,3,6,21,42,90,MARKETED
50,632481,NA,MORPHINE HYDROCHLORIDE 20 MG,SYRUP,ORAL,M.O.S. 20 CONCENTRATE 20MG/ML,20,2,4,14,28,60,CANCELLED POST MARKET
51,632503,NA,MORPHINE HYDROCHLORIDE 10 MG,SYRUP,ORAL,M.O.S. 10 SYRUP 10MG/ML,10,5,9,35,70,150,CANCELLED POST MARKET
52,639389,NA,MORPHINE SULFATE 30 MG,SUPPOSITORY,RECTAL,STATEX SUPPOSITORIES 30MG,90,1,1,7,14,30,MARKETED
53,647217,NA,MORPHINE SULFATE 10 MG,SYRUP,ORAL,STATEX SYRUP 10MG/ML,10,5,9,35,70,150,CANCELLED POST MARKET
54,653233,NA,CODEINE PHOSPHATE 8 MG,TABLET,ORAL,RATIO-LENOLTEC NO 1,1.2,42,75,294,588,1260,MARKETED
55,653241,Keep,CODEINE PHOSPHATE 15 MG,TABLET,ORAL,TEVA-LENOLTEC NO. 2,2.25,22,40,154,308,660,MARKETED
56,653276,Keep,CODEINE PHOSPHATE 30 MG,TABLET,ORAL,TEVA-LENOLTEC NO. 3,4.5,11,20,77,154,330,APPROVED
57,675962,NA,MORPHINE SULFATE 50 MG,TABLET,ORAL,STATEX TABLETS 50MG,50,1,2,7,14,30,MARKETED
58,688851,NA,CODEINE PHOSPHATE 8 MG,TABLET,ORAL,AC&C TABLETS,1.2,42,75,294,588,1260,CANCELLED POST MARKET
59,690198,Keep,MORPHINE HYDROCHLORIDE 10 MG,TABLET,ORAL,M.O.S. 10 TABLETS 10MG,10,5,9,35,70,150,CANCELLED POST MARKET
60,690201,NA,MORPHINE HYDROCHLORIDE 20 MG,TABLET,ORAL,M.O.S.-20 TAB 20MG,20,2,4,14,28,60,CANCELLED POST MARKET
61,690228,NA,MORPHINE HYDROCHLORIDE 40 MG,TABLET,ORAL,M.O.S.-40 TAB 40MG,40,1,2,7,14,30,CANCELLED POST MARKET
62,690236,NA,MORPHINE HYDROCHLORIDE 50 MG,SYRUP,ORAL,M.O.S.-50 CONCENTRATE LIQ 50MG/ML,50,1,2,7,14,30,CANCELLED POST MARKET
63,690244,NA,MORPHINE HYDROCHLORIDE 60 MG,TABLET,ORAL,M.O.S.-60 TAB 60MG,60,1,2,7,14,30,CANCELLED POST MARKET
64,690783,NA,MORPHINE HYDROCHLORIDE 10 MG,SYRUP,ORAL,RATIO-MORPHINE,10,5,9,35,70,150,CANCELLED POST MARKET
65,690791,NA,MORPHINE HYDROCHLORIDE 20 MG,SYRUP,ORAL,RATIO-MORPHINE,20,2,4,14,28,60,CANCELLED POST MARKET
66,705438,Keep,HYDROMORPHONE HYDROCHLORIDE 1 MG,TABLET,ORAL,DILAUDID,5,10,18,70,140,300,MARKETED
67,705799,NA,MORPHINE SULFATE 50 MG,DROPS,ORAL,STATEX DPS 50MG/ML,50,1,2,7,14,30,CANCELLED POST MARKET
68,706221,NA,CODEINE PHOSPHATE 8 MG,TABLET,ORAL,ACETAMINOPHEN 325 MG WITH 15 MG CAFFEINE AND 8 MG CODEINE PHOSPHATE,1.2,42,75,294,588,1260,MARKETED
69,706515,Keep,CODEINE PHOSPHATE 15 MG,TABLET,ORAL,ACET 2,2.25,22,40,154,308,660,CANCELLED POST MARKET
70,708712,NA,CODEINE PHOSPHATE 8 MG,TABLET,ORAL,ACETAMINOPHEN 500 MG WITH 15 MG CAFFEINE AND 8 MG CODEINE PHOSPHATE,1.2,42,75,294,588,1260,CANCELLED POST MARKET
71,776181,NA,MORPHINE HYDROCHLORIDE 30 MG,TABLET (EXTENDED-RELEASE),ORAL,M.O.S. SR TABLETS 30MG,30,2,3,14,28,60,CANCELLED POST MARKET
72,776203,NA,MORPHINE HYDROCHLORIDE 60 MG,TABLET (EXTENDED-RELEASE),ORAL,M.O.S. SR TABLETS 60MG,60,1,2,7,14,30,CANCELLED POST MARKET
73,779458,Keep,CODEINE PHOSPHATE 15 MG,TABLET,ORAL,CODEINE TAB 15MG,2.25,22,40,154,308,660,CANCELLED POST MARKET
74,786543,NA,HYDROMORPHONE HYDROCHLORIDE 8 MG,TABLET,ORAL,DILAUDID,40,1,2,7,14,30,MARKETED
75,789739,NA,OXYCODONE HYDROCHLORIDE 5 MG,TABLET,ORAL,SUPEUDOL 5,7.5,7,12,49,98,210,MARKETED
76,789828,Keep,CODEINE PHOSPHATE 30 MG,TABLET,ORAL,TRIATEC-30,4.5,11,20,77,154,330,MARKETED
77,816027,NA,CODEINE PHOSPHATE 8 MG,ELIXIR,ORAL,PMS-ACETAMINOPHEN WITH CODEINE ELIXIR,1.6,208,375,1456,2912,6240,MARKETED
78,834319,NA,CODEINE PHOSPHATE 8 MG,TABLET,ORAL,ACETAZONE FORTE C8,1.2,42,75,294,588,1260,MARKETED
79,852163,NA,CODEINE PHOSPHATE 8 MG,TABLET,ORAL,TRIATEC-8,1.2,42,75,294,588,1260,MARKETED
80,885401,NA,HYDROMORPHONE HYDROCHLORIDE 4 MG,TABLET,ORAL,PMS-HYDROMORPHONE TAB 4MG,20,2,4,14,28,60,MARKETED
81,885428,NA,HYDROMORPHONE HYDROCHLORIDE 8 MG,TABLET,ORAL,PMS-HYDROMORPHONE TAB 8MG,40,1,2,7,14,30,MARKETED
82,885436,Keep,HYDROMORPHONE HYDROCHLORIDE 2 MG,TABLET,ORAL,PMS-HYDROMORPHONE TAB 2MG,10,5,9,35,70,150,MARKETED
83,885444,Keep,HYDROMORPHONE HYDROCHLORIDE 1 MG,TABLET,ORAL,PMS-HYDROMORPHONE TAB 1MG,5,10,18,70,140,300,MARKETED
84,1901869,NA,OPIUM 65 MG,SUPPOSITORY,RECTAL,SANDOZ OPIUM & BELLADONNA,Couldn't be calculated,NA,NA,NA,NA,NA,MARKETED
85,1909304,NA,CODEINE PHOSPHATE 64.8 MG,CAPSULE,ORAL,PHENAPHEN NO 4 CAP,9.72,5,9,35,70,150,CANCELLED POST MARKET
86,1916386,Keep,HYDROMORPHONE HYDROCHLORIDE 1 MG,SYRUP,ORAL,PMS HYDROMORPHONE SIROP 1MG/ML,5,2,4,14,28,60,MARKETED
87,1916394,NA,HYDROMORPHONE HYDROCHLORIDE 3 MG,SUPPOSITORY,RECTAL,PMS HYDROMORPHONE SUPPOSITOIRE 3MG,45,1,2,7,14,30,MARKETED
88,1916475,NA,OXYCODONE HYDROCHLORIDE 5 MG,TABLET,ORAL,PERCOCET,7.5,7,12,49,98,210,CANCELLED POST MARKET
89,1916483,NA,OXYCODONE HYDROCHLORIDE 5 MG,TABLET,ORAL,ENDODAN,7.5,7,12,49,98,210,CANCELLED POST MARKET
90,1916491,NA,OXYCODONE HYDROCHLORIDE 2.5 MG,TABLET,ORAL,PERCOCET-DEMI,3.75,13,24,91,182,390,CANCELLED POST MARKET
91,1916513,NA,OXYMORPHONE HYDROCHLORIDE 5 MG,SUPPOSITORY,RECTAL,NUMORPHAN SUPPOSITORY 5MG,NA,NA,NA,NA,NA,NA,CANCELLED POST MARKET
92,1916548,NA,OXYCODONE HYDROCHLORIDE 5 MG,TABLET,ORAL,ENDOCET,7.5,7,12,49,98,210,CANCELLED POST MARKET
93,1916556,NA,OXYCODONE HYDROCHLORIDE 2.5 MG,TABLET,ORAL,PERCODAN-DEMI,3.75,13,24,91,182,390,CANCELLED POST MARKET
94,1916572,NA,OXYCODONE HYDROCHLORIDE 5 MG,TABLET,ORAL,PERCODAN,7.5,7,12,49,98,210,CANCELLED POST MARKET
95,1922246,NA,CODEINE PHOSPHATE 8 MG,TABLET,ORAL,A.C.& C TABLETS,1.2,42,75,294,588,1260,DORMANT
96,1934767,NA,CODEINE PHOSPHATE 8 MG,TABLET,ORAL,ROBAXACET-8,1.2,42,75,294,588,1260,MARKETED
97,1934775,NA,CODEINE PHOSPHATE 8 MG,TABLET,ORAL,ROBAXISAL C-1/8 TABLETS,1.2,42,75,294,588,1260,CANCELLED POST MARKET
98,1934783,NA,CODEINE PHOSPHATE 16.2 MG,TABLET,ORAL,ROBAXISAL C 1/4,2.43,21,37,147,294,630,MARKETED
99,1934791,NA,CODEINE PHOSPHATE 32.4 MG,TABLET,ORAL,ROBAXISAL C 1/2,4.86,10,19,70,140,300,MARKETED
100,1937383,NA,FENTANYL 25 MCG,PATCH,TRANSDERMAL,DURAGESIC 25,100,0,1,0,0,0,CANCELLED POST MARKET
101,1937391,NA,FENTANYL 50 MCG,PATCH,TRANSDERMAL,DURAGESIC 50,200,0,0,0,0,0,CANCELLED POST MARKET
102,1937405,NA,FENTANYL 75 MCG,PATCH,TRANSDERMAL,DURAGESIC 75,300,0,0,0,0,0,CANCELLED POST MARKET
103,1937413,NA,FENTANYL 100 MCG,PATCH,TRANSDERMAL,DURAGESIC 100,400,0,0,0,0,0,CANCELLED POST MARKET
104,1941895,NA,CODEINE PHOSPHATE 8 MG,TABLET,ORAL,METHOXISAL-C 1/8,1.2,42,75,294,588,1260,DORMANT
105,1966367,NA,CODEINE PHOSPHATE 16.2 MG,TABLET,ORAL,METHOXISAL-C 1/4,2.43,21,37,147,294,630,CANCELLED POST MARKET
106,1966375,NA,CODEINE PHOSPHATE 32.4 MG,TABLET,ORAL,METHOXISAL-C 1/2,4.86,10,19,70,140,300,CANCELLED POST MARKET
107,1971387,Keep,CODEINE PHOSPHATE 30 MG,CAPSULE,ORAL,TRIANAL C½,4.5,11,20,77,154,330,MARKETED
108,1977881,NA,CODEINE PHOSPHATE 8 MG,TABLET,ORAL,TRIATEC-8 FORT,1.2,42,75,294,588,1260,DORMANT
109,1979914,NA,HYDROMORPHONE HYDROCHLORIDE 3 MG,SUPPOSITORY,RECTAL,HYDROMORPHONE HYDROCHLORIDE SUP 3MG,45,1,2,7,14,30,CANCELLED POST MARKET
110,1988727,NA,MORPHINE SULFATE 30 MG,TABLET (EXTENDED-RELEASE),ORAL,ORAMORPH SR TABLETS 30MG,30,2,3,14,28,60,CANCELLED POST MARKET
111,1988735,NA,MORPHINE SULFATE 60 MG,TABLET (EXTENDED-RELEASE),ORAL,ORAMORPH SR TABLETS 60MG,60,1,2,7,14,30,CANCELLED POST MARKET
112,1988743,NA,MORPHINE SULFATE 100 MG,TABLET (EXTENDED-RELEASE),ORAL,ORAMORPH SR TABLETS 100MG,100,0,1,0,0,0,CANCELLED POST MARKET
113,1999648,Keep,CODEINE PHOSPHATE 30 MG,TABLET,ORAL,ACET CODEINE 30,4.5,11,20,77,154,330,CANCELLED POST MARKET
114,1999656,Keep,CODEINE PHOSPHATE 60 MG,TABLET,ORAL,ACET CODEINE 60,9,6,10,42,84,180,CANCELLED POST MARKET
115,2009706,NA,MORPHINE SULFATE 50 MG,TABLET,ORAL,M.O.S. SULPHATE 50MG TAB,50,1,2,7,14,30,CANCELLED POST MARKET
116,2009749,NA,MORPHINE SULFATE 25 MG,TABLET,ORAL,M.O.S. SULPHATE 25MG TAB,25,2,4,14,28,60,CANCELLED POST MARKET
117,2009757,Keep,CODEINE PHOSPHATE 30 MG,TABLET,ORAL,CODEINE 30,4.5,11,20,77,154,330,MARKETED
118,2009765,Keep,MORPHINE SULFATE 10 MG,TABLET,ORAL,M.O.S. SULPHATE 10MG TAB,10,5,9,35,70,150,CANCELLED POST MARKET
119,2009773,Keep,MORPHINE SULFATE 5 MG,TABLET,ORAL,M.O.S. SULPHATE 5MG TAB,5,10,18,70,140,300,CANCELLED POST MARKET
120,2009889,Keep,CODEINE PHOSPHATE 15 MG,TABLET,ORAL,CODEINE 15,2.25,22,40,154,308,660,MARKETED
121,2014203,Keep,MORPHINE SULFATE 5 MG,TABLET (IMMEDIATE RELEASE),ORAL,MS.IR,5,10,18,70,140,300,MARKETED
122,2014211,Keep,MORPHINE SULFATE 10 MG,TABLET (IMMEDIATE RELEASE),ORAL,MS.IR,10,5,9,35,70,150,MARKETED
123,2014238,NA,MORPHINE SULFATE 20 MG,TABLET (IMMEDIATE RELEASE),ORAL,MS.IR,20,2,4,14,28,60,MARKETED
124,2014254,NA,MORPHINE SULFATE 30 MG,TABLET (IMMEDIATE RELEASE),ORAL,MS.IR,30,2,3,14,28,60,MARKETED
125,2014297,NA,MORPHINE SULFATE 30 MG,TABLET (EXTENDED-RELEASE),ORAL,MS CONTIN SRT 30MG,30,2,3,14,28,60,MARKETED
126,2014300,NA,MORPHINE SULFATE 60 MG,TABLET (EXTENDED-RELEASE),ORAL,MS CONTIN SRT 60MG,60,1,2,7,14,30,MARKETED
127,2014319,NA,MORPHINE SULFATE 100 MG,TABLET (EXTENDED-RELEASE),ORAL,MS CONTIN SRT 100MG,100,0,1,0,0,0,MARKETED
128,2014327,NA,MORPHINE SULFATE 200 MG,TABLET (EXTENDED-RELEASE),ORAL,MS CONTIN SRT 200MG,200,0,0,0,0,0,MARKETED
129,2015439,NA,MORPHINE SULFATE 15 MG,TABLET (EXTENDED-RELEASE),ORAL,MS CONTIN SRT 15MG,15,3,6,21,42,90,MARKETED
130,2019930,Keep,MORPHINE SULFATE 10 MG,CAPSULE (EXTENDED RELEASE),ORAL,M-ESLON,10,5,9,35,70,150,MARKETED
131,2019949,NA,MORPHINE SULFATE 30 MG,CAPSULE (EXTENDED RELEASE),ORAL,M-ESLON,30,2,3,14,28,60,MARKETED
132,2019957,NA,MORPHINE SULFATE 60 MG,CAPSULE (EXTENDED RELEASE),ORAL,M-ESLON,60,1,2,7,14,30,MARKETED
133,2019965,NA,MORPHINE SULFATE 100 MG,CAPSULE (EXTENDED RELEASE),ORAL,M-ESLON,100,0,1,0,0,0,MARKETED
134,2025337,NA,CODEINE PHOSPHATE 8 MG,TABLET,ORAL,"ACETAMINOPHEN, CAFFEINE & CODEINE",1.2,42,75,294,588,1260,MARKETED
135,2028174,NA,CODEINE PHOSPHATE 8 MG,TABLET,ORAL,"ACETAMINOPHEN, CAFFEINE & CODEINE",1.2,42,75,294,588,1260,MARKETED
136,2047667,NA,CODEINE PHOSPHATE 8 MG,TABLET,ORAL,MERSYNDOL WITH CODEINE,1.2,42,75,294,588,1260,MARKETED
137,2125323,NA,HYDROMORPHONE HYDROCHLORIDE 3 MG,CAPSULE (SUSTAINED-RELEASE),ORAL,HYDROMORPH CONTIN-CONTROLLED RELEASE CAP - 3MG,15,3,6,21,42,90,MARKETED
138,2125331,NA,HYDROMORPHONE HYDROCHLORIDE 6 MG,CAPSULE (SUSTAINED-RELEASE),ORAL,HYDROMORPH CONTIN-CONTROLLED RELEASE CAP - 6MG,30,2,3,14,28,60,MARKETED
139,2125366,NA,HYDROMORPHONE HYDROCHLORIDE 12 MG,CAPSULE (SUSTAINED-RELEASE),ORAL,HYDROMORPH CONTIN-CONTROLLED RELEASE CAP - 12MG,60,1,2,7,14,30,MARKETED
140,2125382,NA,HYDROMORPHONE HYDROCHLORIDE 24 MG,CAPSULE (SUSTAINED-RELEASE),ORAL,HYDROMORPH CONTIN-CONTROLLED RELEASE CAP - 24MG,120,0,1,0,0,0,MARKETED
141,2125390,NA,HYDROMORPHONE HYDROCHLORIDE 30 MG,CAPSULE (SUSTAINED-RELEASE),ORAL,HYDROMORPH CONTIN-CONTROLLED RELEASE CAP - 30MG,150,0,1,0,0,0,MARKETED
142,2137984,NA,PENTAZOCINE (PENTAZOCINE HYDROCHLORIDE) 50 MG,TABLET,ORAL,TALWIN,8.3,6,11,42,84,180,MARKETED
143,2138018,NA,MEPERIDINE HYDROCHLORIDE 50 MG,TABLET,ORAL,DEMEROL,5,10,18,70,140,300,MARKETED
144,2143933,NA,CODEINE PHOSPHATE 8 MG,TABLET,ORAL,ACETAMINOPHEN WITH CODEINE - CAPLET,1.2,42,75,294,588,1260,MARKETED
145,2154234,NA,CODEINE PHOSPHATE 8 MG,TABLET,ORAL,ACETAMINOPHEN 300 MG WITH 15 MG CAFFEINE AND 8 MG CODEINE PHOSPHATE,1.2,42,75,294,588,1260,MARKETED
146,2163748,NA,"CODEINE (CODEINE MONOHYDRATE, Codeine Sulfate Trihydrate) 100 MG",TABLET (EXTENDED-RELEASE),ORAL,CODEINE CONTIN 100MG CONTROLLED RELEASE TAB,15,3,6,21,42,90,MARKETED
147,2163780,NA,"CODEINE (CODEINE MONOHYDRATE, Codeine Sulfate Trihydrate) 150 MG",TABLET (EXTENDED-RELEASE),ORAL,CODEINE CONTIN 150MG CONTROLLED RELEASE TAB,22.5,2,4,14,28,60,MARKETED
148,2163799,NA,"CODEINE (CODEINE MONOHYDRATE, Codeine Sulfate Trihydrate) 200 MG",TABLET (EXTENDED-RELEASE),ORAL,CODEINE CONTIN 200MG CONTROLLED RELEASE TAB,30,2,3,14,28,60,MARKETED
149,2163918,Keep,CODEINE PHOSPHATE 60 MG,TABLET,ORAL,TYLENOL WITH CODEINE NO. 4,9,6,10,42,84,180,MARKETED
150,2163926,Keep,CODEINE PHOSPHATE 30 MG,TABLET,ORAL,TYLENOL WITH CODEINE NO. 3 - TAB,4.5,11,20,77,154,330,MARKETED
151,2163934,Keep,CODEINE PHOSPHATE 15 MG,TABLET,ORAL,TYLENOL WITH CODEINE NO. 2 - TAB,2.25,22,40,154,308,660,MARKETED
152,2163942,NA,CODEINE PHOSPHATE 8 MG,ELIXIR,ORAL,TYLENOL WITH CODEINE ELIXIR,1.6,208,375,1456,2912,6240,CANCELLED POST MARKET
153,2177749,NA,MORPHINE SULFATE 15 MG,CAPSULE (EXTENDED RELEASE),ORAL,M-ESLON,15,3,6,21,42,90,MARKETED
154,2177757,NA,MORPHINE SULFATE 200 MG,CAPSULE (EXTENDED RELEASE),ORAL,M-ESLON,200,0,0,0,0,0,MARKETED
155,2181061,NA,CODEINE PHOSPHATE 8 MG,TABLET,ORAL,TYLENOL NO.1 CAPLETS,1.2,42,75,294,588,1260,CANCELLED POST MARKET
156,2181088,NA,CODEINE PHOSPHATE 8 MG,TABLET,ORAL,TYLENOL NO.1 FORTE CAPLETS,1.2,42,75,294,588,1260,CANCELLED POST MARKET
157,2184435,NA,MORPHINE SULFATE 20 MG,CAPSULE (SUSTAINED-RELEASE),ORAL,KADIAN,20,2,4,14,28,60,MARKETED
158,2184443,NA,MORPHINE SULFATE 50 MG,CAPSULE (SUSTAINED-RELEASE),ORAL,KADIAN,50,1,2,7,14,30,MARKETED
159,2184451,NA,MORPHINE SULFATE 100 MG,CAPSULE (SUSTAINED-RELEASE),ORAL,KADIAN,100,0,1,0,0,0,MARKETED
160,2192101,Keep,HYDROMORPHONE HYDROCHLORIDE 1 MG,TABLET,ORAL,HYDROMORPHONE,5,10,18,70,140,300,CANCELLED POST MARKET
161,2192144,NA,HYDROMORPHONE HYDROCHLORIDE 8 MG,TABLET,ORAL,HYDROMORPHONE,40,1,2,7,14,30,CANCELLED POST MARKET
162,2202441,NA,OXYCODONE HYDROCHLORIDE 10 MG,TABLET (EXTENDED-RELEASE),ORAL,OXYCONTIN 10MG,15,3,6,21,42,90,CANCELLED POST MARKET
163,2202468,NA,OXYCODONE HYDROCHLORIDE 20 MG,TABLET (EXTENDED-RELEASE),ORAL,OXYCONTIN 20MG,30,2,3,14,28,60,CANCELLED POST MARKET
164,2202476,NA,OXYCODONE HYDROCHLORIDE 40 MG,TABLET (EXTENDED-RELEASE),ORAL,OXYCONTIN 40MG,60,1,2,7,14,30,CANCELLED POST MARKET
165,2202484,NA,OXYCODONE HYDROCHLORIDE 80 MG,TABLET (EXTENDED-RELEASE),ORAL,OXYCONTIN 80MG,120,0,1,0,0,0,CANCELLED POST MARKET
166,2213826,NA,NALTREXONE HYDROCHLORIDE 50 MG,TABLET,ORAL,REVIA,Couldn't be calculated,NA,NA,NA,NA,NA,MARKETED
167,2230302,NA,"CODEINE (CODEINE MONOHYDRATE, Codeine Sulfate Trihydrate) 50 MG",TABLET (EXTENDED-RELEASE),ORAL,CODEINE CONTIN 50MG CONTROLLED RELEASE TAB,7.5,7,12,49,98,210,MARKETED
168,2231934,NA,OXYCODONE HYDROCHLORIDE 5 MG,TABLET,ORAL,OXY.IR,7.5,7,12,49,98,210,MARKETED
169,2232389,Keep,CODEINE PHOSPHATE 30 MG,TABLET,ORAL,EXDOL-30,4.5,11,20,77,154,330,CANCELLED POST MARKET
170,2232658,Keep,CODEINE PHOSPHATE 30 MG,TABLET,ORAL,PROCET-30,4.5,11,20,77,154,330,MARKETED
171,2234509,NA,DEXTROPROPOXYPHENE HYDROCHLORIDE 65 MG,TABLET,ORAL,692 TABLET,19.5,3,5,21,42,90,CANCELLED POST MARKET
172,2234510,Keep,CODEINE PHOSPHATE 15 MG,TABLET,ORAL,282 TABLETS,2.25,22,40,154,308,660,DORMANT
173,2236871,NA,CODEINE PHOSPHATE 8 MG,TABLET,ORAL,"(EXTRA STRENGTH) ACETAMINOPHEN, CAFFEINE & 8MG CODEINE PHOSPHATE CAPLETS",1.2,42,75,294,588,1260,CANCELLED POST MARKET
174,2236872,NA,CODEINE PHOSPHATE 8 MG,TABLET,ORAL,METHOXACET-C 1/8,1.2,42,75,294,588,1260,CANCELLED POST MARKET
175,2237578,NA,CODEINE PHOSPHATE 8 MG,TABLET,ORAL,SPASMHALT-8,1.2,42,75,294,588,1260,MARKETED
176,2237580,NA,CODEINE PHOSPHATE 8 MG,TABLET,ORAL,SPASMHALT-ASA-8,1.2,42,75,294,588,1260,CANCELLED POST MARKET
177,2238645,Keep,CODEINE PHOSPHATE 30 MG,TABLET,ORAL,292 TABLETS,4.5,11,20,77,154,330,DORMANT
178,2238670,NA,CODEINE PHOSPHATE 8 MG,TABLET,ORAL,C-2 BUFFERED WITH CODEINE,1.2,42,75,294,588,1260,CANCELLED POST MARKET
179,2240131,NA,OXYCODONE HYDROCHLORIDE 10 MG,TABLET,ORAL,OXY.IR,15,3,6,21,42,90,MARKETED
180,2240132,NA,OXYCODONE HYDROCHLORIDE 20 MG,TABLET (IMMEDIATE RELEASE),ORAL,OXY.IR,30,2,3,14,28,60,MARKETED
181,2241377,NA,METHADONE HYDROCHLORIDE 10 MG,SOLUTION,ORAL,METADOL,Couldn't be calculated,NA,NA,NA,NA,NA,MARKETED
182,2242163,Keep,MORPHINE SULFATE 10 MG,CAPSULE (SUSTAINED-RELEASE),ORAL,KADIAN,10,5,9,35,70,150,MARKETED
183,2242180,NA,CODEINE PHOSPHATE 8 MG,TABLET,ORAL,MUSCLE & BACK PAIN RELIEF - 8,1.2,42,75,294,588,1260,MARKETED
184,2242406,Keep,CODEINE PHOSPHATE 15 MG,CAPSULE,ORAL,TRIANAL C¼,2.25,22,40,154,308,660,MARKETED
185,2242468,NA,OXYCODONE HYDROCHLORIDE 5 MG,TABLET,ORAL,RIVACOCET,7.5,7,12,49,98,210,MARKETED
186,2243562,NA,HYDROMORPHONE HYDROCHLORIDE 18 MG,CAPSULE (SUSTAINED-RELEASE),ORAL,HYDROMORPH CONTIN-CONTROLLED RELEASE CAP - 18MG,90,1,1,7,14,30,MARKETED
187,2243978,Keep,CODEINE PHOSPHATE 15 MG,TABLET,ORAL,PMS-CODEINE,2.25,22,40,154,308,660,CANCELLED POST MARKET
188,2243979,Keep,CODEINE PHOSPHATE 30 MG,TABLET,ORAL,PMS-CODEINE,4.5,11,20,77,154,330,CANCELLED POST MARKET
189,2244290,NA,METHADONE HYDROCHLORIDE 10 MG,SOLUTION,ORAL,METADOL-D,Couldn't be calculated,NA,NA,NA,NA,NA,MARKETED
190,2244790,NA,MORPHINE SULFATE 15 MG,TABLET (EXTENDED-RELEASE),ORAL,SANDOZ MORPHINE SR,15,3,6,21,42,90,MARKETED
191,2244791,NA,MORPHINE SULFATE 30 MG,TABLET (EXTENDED-RELEASE),ORAL,SANDOZ MORPHINE SR,30,2,3,14,28,60,MARKETED
192,2244792,NA,MORPHINE SULFATE 60 MG,TABLET (EXTENDED-RELEASE),ORAL,SANDOZ MORPHINE SR,60,1,2,7,14,30,MARKETED
193,2245284,NA,MORPHINE SULFATE 15 MG,TABLET (EXTENDED-RELEASE),ORAL,PMS-MORPHINE SULFATE SR 15 MG,15,3,6,21,42,90,CANCELLED POST MARKET
194,2245285,NA,MORPHINE SULFATE 30 MG,TABLET (EXTENDED-RELEASE),ORAL,PMS-MORPHINE SULFATE SR 30 MG,30,2,3,14,28,60,CANCELLED POST MARKET
195,2245286,NA,MORPHINE SULFATE 60 MG,TABLET (EXTENDED-RELEASE),ORAL,PMS-MORPHINE SULFATE SR 60 MG,60,1,2,7,14,30,CANCELLED POST MARKET
196,2245287,NA,MORPHINE SULFATE 100 MG,TABLET (EXTENDED-RELEASE),ORAL,PMS-MORPHINE SULFATE SR 100 MG,100,0,1,0,0,0,CANCELLED POST MARKET
197,2245288,NA,MORPHINE SULFATE 200 MG,TABLET (EXTENDED-RELEASE),ORAL,PMS-MORPHINE SULFATE SR 200 MG,200,0,0,0,0,0,CANCELLED POST MARKET
198,2245670,NA,CODEINE PHOSPHATE 8 MG,TABLET,ORAL,A.C. & C. 8 MG,1.2,42,75,294,588,1260,APPROVED
199,2245703,Keep,HYDROMORPHONE HYDROCHLORIDE 2 MG,TABLET,ORAL,HYDROMORPH.IR - 2MG,10,5,9,35,70,150,CANCELLED POST MARKET
200,2245704,NA,HYDROMORPHONE HYDROCHLORIDE 4 MG,TABLET,ORAL,HYDROMORPH.IR - 4MG,20,2,4,14,28,60,CANCELLED POST MARKET
201,2245705,NA,HYDROMORPHONE HYDROCHLORIDE 8 MG,TABLET,ORAL,HYDROMORPH.IR - 8MG,40,1,2,7,14,30,CANCELLED POST MARKET
202,2245758,NA,OXYCODONE HYDROCHLORIDE 5 MG,TABLET,ORAL,PMS-OXYCODONE - ACETAMINOPHEN,7.5,7,12,49,98,210,CANCELLED POST MARKET
203,2246085,NA,CODEINE PHOSPHATE 8 MG,TABLET,ORAL,"ACETAMINOPHEN, CAFFEINE & 8MG CODEINE PHOSPHATE TABLETS",1.2,42,75,294,588,1260,DORMANT
204,2246103,NA,CODEINE PHOSPHATE 8 MG,TABLET,ORAL,"ACETYLSALICYLIC ACID, CAFFEINE & 8 MG CODEINE PHOSPHATE TABLETS",1.2,42,75,294,588,1260,DORMANT
205,2247374,NA,METHADONE HYDROCHLORIDE 1 MG,SOLUTION,ORAL,METADOL-D,Couldn't be calculated,NA,NA,NA,NA,NA,MARKETED
206,2247693,NA,METHADONE HYDROCHLORIDE 1 MG,TABLET,ORAL,METADOL-D,Couldn't be calculated,NA,NA,NA,NA,NA,APPROVED
207,2247694,NA,METHADONE HYDROCHLORIDE 1 MG,SOLUTION,ORAL,METADOL,Couldn't be calculated,NA,NA,NA,NA,NA,MARKETED
208,2247695,NA,METHADONE HYDROCHLORIDE 5 MG,TABLET,ORAL,METADOL-D,Couldn't be calculated,NA,NA,NA,NA,NA,APPROVED
209,2247696,NA,METHADONE HYDROCHLORIDE 10 MG,TABLET,ORAL,METADOL-D,Couldn't be calculated,NA,NA,NA,NA,NA,APPROVED
210,2247697,NA,METHADONE HYDROCHLORIDE 25 MG,TABLET,ORAL,METADOL-D,Couldn't be calculated,NA,NA,NA,NA,NA,APPROVED
211,2247698,NA,METHADONE HYDROCHLORIDE 1 MG,TABLET,ORAL,METADOL,Couldn't be calculated,NA,NA,NA,NA,NA,MARKETED
212,2247699,NA,METHADONE HYDROCHLORIDE 5 MG,TABLET,ORAL,METADOL,Couldn't be calculated,NA,NA,NA,NA,NA,MARKETED
213,2247700,NA,METHADONE HYDROCHLORIDE 10 MG,TABLET,ORAL,METADOL,Couldn't be calculated,NA,NA,NA,NA,NA,MARKETED
214,2247701,NA,METHADONE HYDROCHLORIDE 25 MG,TABLET,ORAL,METADOL,Couldn't be calculated,NA,NA,NA,NA,NA,MARKETED
215,2248817,NA,CODEINE PHOSPHATE 8 MG,TABLET,ORAL,"ACETAMINOPHEN, CAFFEINE AND 8 MG OF CODEINE PHOSPHATE TABLETS",1.2,42,75,294,588,1260,DORMANT
216,2248977,NA,CODEINE PHOSPHATE 8 MG,TABLET,ORAL,MUSCLE AND BACK PAIN RELIEF-8,1.2,42,75,294,588,1260,DORMANT
217,2249391,NA,FENTANYL 2.5 MG,PATCH,TRANSDERMAL,RAN-FENTANYL TRANSDERMAL SYSTEM,100,0,1,0,0,0,CANCELLED POST MARKET
218,2249413,NA,FENTANYL 5 MG,PATCH,TRANSDERMAL,RAN-FENTANYL TRANSDERMAL SYSTEM,200,0,0,0,0,0,CANCELLED POST MARKET
219,2249421,NA,FENTANYL 7.5 MG,PATCH,TRANSDERMAL,RAN-FENTANYL TRANSDERMAL SYSTEM,300,0,0,0,0,0,CANCELLED POST MARKET
220,2249448,NA,FENTANYL 10 MG,PATCH,TRANSDERMAL,RAN-FENTANYL TRANSDERMAL SYSTEM,400,0,0,0,0,0,CANCELLED POST MARKET
221,2249928,Keep,HYDROMORPHONE HYDROCHLORIDE 2 MG,TABLET,ORAL,HYDROMORPHONE,10,5,9,35,70,150,CANCELLED POST MARKET
222,2249936,NA,HYDROMORPHONE HYDROCHLORIDE 4 MG,TABLET,ORAL,HYDROMORPHONE,20,2,4,14,28,60,CANCELLED POST MARKET
223,2250551,NA,CODEINE PHOSPHATE 8 MG,TABLET,ORAL,MUSCLE AND BACK PAIN RELIEF - 8 TABLETS,1.2,42,75,294,588,1260,DORMANT
224,2250683,NA,CODEINE PHOSPHATE 8 MG,TABLET,ORAL,ASA-CAFFEINE-CODEINE,1.2,42,75,294,588,1260,APPROVED
225,2254182,NA,MORPHINE SULFATE 20 MG,CAPSULE (SUSTAINED-RELEASE),ORAL,ZOMORPH,20,2,4,14,28,60,APPROVED
226,2254190,NA,MORPHINE SULFATE 40 MG,CAPSULE (SUSTAINED-RELEASE),ORAL,ZOMORPH,40,1,2,7,14,30,APPROVED
227,2254204,NA,MORPHINE SULFATE 60 MG,CAPSULE (SUSTAINED-RELEASE),ORAL,ZOMORPH,60,1,2,7,14,30,APPROVED
228,2254212,NA,MORPHINE SULFATE 120 MG,CAPSULE (SUSTAINED-RELEASE),ORAL,ZOMORPH,120,0,1,0,0,0,APPROVED
229,2254220,NA,MORPHINE SULFATE 200 MG,CAPSULE (SUSTAINED-RELEASE),ORAL,ZOMORPH,200,0,0,0,0,0,APPROVED
230,2254263,Keep,CODEINE PHOSPHATE 60 MG,TABLET,ORAL,PHL-ACET-CODEINE 60,9,6,10,42,84,180,CANCELLED POST MARKET
231,2254271,Keep,CODEINE PHOSPHATE 30 MG,TABLET,ORAL,PHL-ACET-CODEINE 30,4.5,11,20,77,154,330,CANCELLED POST MARKET
232,2254700,NA,CODEINE PHOSPHATE 8 MG,TABLET,ORAL,ACETAMINOPHEN-CAFFEINE-CODEINE,1.2,42,75,294,588,1260,APPROVED
233,2258129,NA,OXYCODONE HYDROCHLORIDE 5 MG,TABLET (EXTENDED-RELEASE),ORAL,OXYCONTIN 5MG,7.5,7,12,49,98,210,CANCELLED POST MARKET
234,2258978,NA,CODEINE 8 MG,TABLET,ORAL,MUSCLE AND BACK PAIN RELIEF CAPLETS,1.2,42,75,294,588,1260,APPROVED
235,2262983,NA,OXYCODONE HYDROCHLORIDE 20 MG,TABLET,ORAL,SUPEUDOL,30,2,3,14,28,60,MARKETED
236,2264846,Keep,TRAMADOL HYDROCHLORIDE 37.5 MG,TABLET,ORAL,TRAMACET,3.75,13,24,91,182,390,MARKETED
237,2265052,NA,CODEINE PHOSPHATE 8 MG,TABLET,ORAL,APO-ACETACO #1,1.2,42,75,294,588,1260,APPROVED
238,2277816,NA,CODEINE PHOSPHATE 8 MG,TABLET,ORAL,"ACETAMINOPHEN 300MG, CAFFEINE & CODEINE",1.2,42,75,294,588,1260,APPROVED
239,2282941,NA,FENTANYL 25 MCG,PATCH,TRANSDERMAL,TEVA-FENTANYL,100,0,1,0,0,0,MARKETED
240,2282968,NA,FENTANYL 50 MCG,PATCH,TRANSDERMAL,TEVA-FENTANYL,200,0,0,0,0,0,MARKETED
241,2282976,NA,FENTANYL 75 MCG,PATCH,TRANSDERMAL,TEVA-FENTANYL,300,0,0,0,0,0,MARKETED
242,2282984,NA,FENTANYL 100 MCG,PATCH,TRANSDERMAL,TEVA-FENTANYL,400,0,0,0,0,0,MARKETED
243,2286424,NA,TRAMADOL HYDROCHLORIDE 150 MG,TABLET (EXTENDED-RELEASE),ORAL,ZYTRAM XL,15,3,6,21,42,90,MARKETED
244,2286432,NA,TRAMADOL HYDROCHLORIDE 200 MG,TABLET (EXTENDED-RELEASE),ORAL,ZYTRAM XL,20,2,4,14,28,60,MARKETED
245,2286440,NA,TRAMADOL HYDROCHLORIDE 300 MG,TABLET (EXTENDED-RELEASE),ORAL,ZYTRAM XL,30,2,3,14,28,60,MARKETED
246,2286459,NA,TRAMADOL HYDROCHLORIDE 400 MG,TABLET (EXTENDED-RELEASE),ORAL,ZYTRAM XL,40,1,2,7,14,30,MARKETED
247,2296381,NA,TRAMADOL HYDROCHLORIDE 100 MG,TABLET (EXTENDED-RELEASE),ORAL,TRIDURAL,10,5,9,35,70,150,MARKETED
248,2296403,NA,TRAMADOL HYDROCHLORIDE 200 MG,TABLET (EXTENDED-RELEASE),ORAL,TRIDURAL,20,2,4,14,28,60,MARKETED
249,2296411,NA,TRAMADOL HYDROCHLORIDE 300 MG,TABLET (EXTENDED-RELEASE),ORAL,TRIDURAL,30,2,3,14,28,60,MARKETED
250,2298708,NA,CODEINE PHOSPHATE 8 MG,ELIXIR,ORAL,ACETAMINOPHEN ELIXIR WITH 8MG CODEINE PHOSPHATE SYRUP,0.32,156,281,1092,2184,4680,APPROVED
251,2299194,NA,TRAMADOL HYDROCHLORIDE 100 MG,TABLET (EXTENDED-RELEASE),ORAL,RALIVIA,10,5,9,35,70,150,MARKETED
252,2299208,NA,TRAMADOL HYDROCHLORIDE 200 MG,TABLET (EXTENDED-RELEASE),ORAL,RALIVIA,20,2,4,14,28,60,MARKETED
253,2299216,NA,TRAMADOL HYDROCHLORIDE 300 MG,TABLET (EXTENDED-RELEASE),ORAL,RALIVIA,30,2,3,14,28,60,MARKETED
254,2302764,NA,MORPHINE SULFATE 15 MG,TABLET (EXTENDED-RELEASE),ORAL,TEVA-MORPHINE SR,15,3,6,21,42,90,MARKETED
255,2302772,NA,MORPHINE SULFATE 30 MG,TABLET (EXTENDED-RELEASE),ORAL,TEVA-MORPHINE SR,30,2,3,14,28,60,MARKETED
256,2302780,NA,MORPHINE SULFATE 60 MG,TABLET (EXTENDED-RELEASE),ORAL,TEVA-MORPHINE SR,60,1,2,7,14,30,MARKETED
257,2302799,NA,MORPHINE SULFATE 100 MG,TABLET (EXTENDED-RELEASE),ORAL,TEVA-MORPHINE SR,100,0,1,0,0,0,MARKETED
258,2302802,NA,MORPHINE SULFATE 200 MG,TABLET (EXTENDED-RELEASE),ORAL,TEVA-MORPHINE SR,200,0,0,0,0,0,MARKETED
259,2304120,NA,FENTANYL 25 MCG,PATCH (EXTENDED RELEASE),TRANSDERMAL,FENTANYL TRANSDERMAL SYSTEM 25,100,0,1,0,0,0,CANCELLED PRE MARKET
260,2304139,NA,FENTANYL 50 MCG,PATCH (EXTENDED RELEASE),TRANSDERMAL,FENTANYL TRANSDERMAL SYSTEM 50,200,0,0,0,0,0,CANCELLED PRE MARKET
261,2304147,NA,FENTANYL 75 MCG,PATCH (EXTENDED RELEASE),TRANSDERMAL,FENTANYL TRANSDERMAL SYSTEM 75,300,0,0,0,0,0,CANCELLED PRE MARKET
262,2304155,NA,FENTANYL 100 MCG,PATCH (EXTENDED RELEASE),TRANSDERMAL,FENTANYL TRANSDERMAL SYSTEM 100,400,0,0,0,0,0,CANCELLED PRE MARKET
263,2306530,NA,OXYCODONE HYDROCHLORIDE 40 MG,TABLET (EXTENDED-RELEASE),ORAL,APO-OXYCODONE CR,60,1,2,7,14,30,MARKETED
264,2307898,NA,OXYCODONE HYDROCHLORIDE 5 MG,TABLET,ORAL,SANDOZ OXYCODONE/ACETAMINOPHEN,7.5,7,12,49,98,210,MARKETED
265,2309882,NA,OXYCODONE HYDROCHLORIDE 10 MG,TABLET (EXTENDED-RELEASE),ORAL,PMS-OXYCODONE CR,15,3,6,21,42,90,MARKETED
266,2309890,NA,OXYCODONE HYDROCHLORIDE 20 MG,TABLET (EXTENDED-RELEASE),ORAL,PMS-OXYCODONE CR,30,2,3,14,28,60,MARKETED
267,2309904,NA,OXYCODONE HYDROCHLORIDE 40 MG,TABLET (EXTENDED-RELEASE),ORAL,PMS-OXYCODONE CR,60,1,2,7,14,30,MARKETED
268,2309912,NA,OXYCODONE HYDROCHLORIDE 80 MG,TABLET (EXTENDED-RELEASE),ORAL,PMS-OXYCODONE CR,120,0,1,0,0,0,MARKETED
269,2311925,NA,FENTANYL 12 MCG,PATCH,TRANSDERMAL,TEVA-FENTANYL,48,1,2,7,14,30,MARKETED
270,2314630,NA,FENTANYL 25 MCG,PATCH,TRANSDERMAL,APO-FENTANYL MATRIX,100,0,1,0,0,0,CANCELLED POST MARKET
271,2314649,NA,FENTANYL 50 MCG,PATCH,TRANSDERMAL,APO-FENTANYL MATRIX,200,0,0,0,0,0,CANCELLED POST MARKET
272,2314657,NA,FENTANYL 75 MCG,PATCH,TRANSDERMAL,APO-FENTANYL MATRIX,300,0,0,0,0,0,CANCELLED POST MARKET
273,2314665,NA,FENTANYL 100 MCG,PATCH,TRANSDERMAL,APO-FENTANYL MATRIX,400,0,0,0,0,0,CANCELLED POST MARKET
274,2319403,Keep,HYDROMORPHONE HYDROCHLORIDE 1 MG,TABLET,ORAL,TEVA-HYDROMORPHONE,5,10,18,70,140,300,MARKETED
275,2319411,Keep,HYDROMORPHONE HYDROCHLORIDE 2 MG,TABLET,ORAL,TEVA-HYDROMORPHONE,10,5,9,35,70,150,MARKETED
276,2319438,NA,HYDROMORPHONE HYDROCHLORIDE 4 MG,TABLET,ORAL,TEVA-HYDROMORPHONE,20,2,4,14,28,60,MARKETED
277,2319446,NA,HYDROMORPHONE HYDROCHLORIDE 8 MG,TABLET,ORAL,TEVA-HYDROMORPHONE,40,1,2,7,14,30,MARKETED
278,2319977,NA,OXYCODONE HYDROCHLORIDE 5 MG,TABLET,ORAL,PMS-OXYCODONE,7.5,7,12,49,98,210,MARKETED
279,2319985,NA,OXYCODONE HYDROCHLORIDE 10 MG,TABLET,ORAL,PMS-OXYCODONE,15,3,6,21,42,90,MARKETED
280,2319993,NA,OXYCODONE HYDROCHLORIDE 20 MG,TABLET,ORAL,PMS-OXYCODONE,30,2,3,14,28,60,MARKETED
281,2320398,Keep,MORPHINE SULFATE 5 MG,CAPSULE (IMMEDIATE RELEASE),ORAL,M-EDIAT,5,10,18,70,140,300,MARKETED
282,2320428,Keep,MORPHINE SULFATE 10 MG,CAPSULE (IMMEDIATE RELEASE),ORAL,M-EDIAT,10,5,9,35,70,150,MARKETED
283,2320436,NA,MORPHINE SULFATE 20 MG,CAPSULE (IMMEDIATE RELEASE),ORAL,M-EDIAT,20,2,4,14,28,60,MARKETED
284,2320444,NA,MORPHINE SULFATE 30 MG,CAPSULE (IMMEDIATE RELEASE),ORAL,M-EDIAT,30,2,3,14,28,60,MARKETED
285,2323214,NA,OXYCODONE HYDROCHLORIDE 60 MG,TABLET (EXTENDED-RELEASE),ORAL,OXYCONTIN,90,1,1,7,14,30,CANCELLED POST MARKET
286,2324628,NA,OXYCODONE HYDROCHLORIDE 5 MG,TABLET,ORAL,APO-OXYCODONE/ACET,7.5,7,12,49,98,210,MARKETED
287,2325950,NA,OXYCODONE HYDROCHLORIDE 5 MG,TABLET,ORAL,OXYCODONE,7.5,7,12,49,98,210,MARKETED
288,2325969,NA,OXYCODONE HYDROCHLORIDE 10 MG,TABLET,ORAL,OXYCODONE,15,3,6,21,42,90,MARKETED
289,2325977,NA,OXYCODONE HYDROCHLORIDE 20 MG,TABLET,ORAL,OXYCODONE,30,2,3,14,28,60,MARKETED
290,2327112,NA,FENTANYL 12 MCG,PATCH,TRANSDERMAL,SANDOZ FENTANYL PATCH,48,1,2,7,14,30,MARKETED
291,2327120,NA,FENTANYL 25 MCG,PATCH,TRANSDERMAL,SANDOZ FENTANYL PATCH,100,0,1,0,0,0,MARKETED
292,2327139,NA,FENTANYL 37 MCG,PATCH,TRANSDERMAL,SANDOZ FENTANYL PATCH,150,0,1,0,0,0,MARKETED
293,2327147,NA,FENTANYL 50 MCG,PATCH,TRANSDERMAL,SANDOZ FENTANYL PATCH,200,0,0,0,0,0,MARKETED
294,2327155,NA,FENTANYL 75 MCG,PATCH,TRANSDERMAL,SANDOZ FENTANYL PATCH,300,0,0,0,0,0,MARKETED
295,2327163,NA,FENTANYL 100 MCG,PATCH,TRANSDERMAL,SANDOZ FENTANYL PATCH,400,0,0,0,0,0,MARKETED
296,2327171,NA,OXYCODONE HYDROCHLORIDE 5 MG,TABLET,ORAL,OXYCODONE-ACET,7.5,7,12,49,98,210,MARKETED
297,2330105,NA,FENTANYL 12 MCG,PATCH,TRANSDERMAL,RAN-FENTANYL MATRIX PATCH,48,1,2,7,14,30,MARKETED
298,2330113,NA,FENTANYL 25 MCG,PATCH,TRANSDERMAL,RAN-FENTANYL MATRIX PATCH,100,0,1,0,0,0,MARKETED
299,2330121,NA,FENTANYL 50 MCG,PATCH,TRANSDERMAL,RAN-FENTANYL MATRIX PATCH,200,0,0,0,0,0,MARKETED
300,2330148,NA,FENTANYL 75 MCG,PATCH,TRANSDERMAL,RAN-FENTANYL MATRIX PATCH,300,0,0,0,0,0,MARKETED
301,2330156,NA,FENTANYL 100 MCG,PATCH,TRANSDERMAL,RAN-FENTANYL MATRIX PATCH,400,0,0,0,0,0,MARKETED
302,2336790,Keep,TRAMADOL HYDROCHLORIDE 37.5 MG,TABLET,ORAL,APO-TRAMADOL/ACET,3.75,13,24,91,182,390,MARKETED
303,2339609,NA,OXYCODONE HYDROCHLORIDE 10 MG,TABLET (EXTENDED-RELEASE),ORAL,TARGIN,15,3,6,21,42,90,MARKETED
304,2339609,NA,NALOXONE HYDROCHLORIDE 5 MG,TABLET (EXTENDED-RELEASE),ORAL,TARGIN,Couldn't be calculated,NA,NA,NA,NA,NA,MARKETED
305,2339609,NA,NALOXONE HYDROCHLORIDE 5 MG,TABLET (EXTENDED-RELEASE),ORAL,TARGIN,Couldn't be calculated,NA,NA,NA,NA,NA,MARKETED
306,2339609,NA,OXYCODONE HYDROCHLORIDE 10 MG,TABLET (EXTENDED-RELEASE),ORAL,TARGIN,15,3,6,21,42,90,MARKETED
307,2339617,NA,OXYCODONE HYDROCHLORIDE 20 MG,TABLET (EXTENDED-RELEASE),ORAL,TARGIN,30,2,3,14,28,60,MARKETED
308,2339617,NA,NALOXONE HYDROCHLORIDE 10 MG,TABLET (EXTENDED-RELEASE),ORAL,TARGIN,Couldn't be calculated,NA,NA,NA,NA,NA,MARKETED
309,2339617,NA,NALOXONE HYDROCHLORIDE 10 MG,TABLET (EXTENDED-RELEASE),ORAL,TARGIN,Couldn't be calculated,NA,NA,NA,NA,NA,MARKETED
310,2339617,NA,OXYCODONE HYDROCHLORIDE 20 MG,TABLET (EXTENDED-RELEASE),ORAL,TARGIN,30,2,3,14,28,60,MARKETED
311,2339625,NA,NALOXONE HYDROCHLORIDE 20 MG,TABLET (EXTENDED-RELEASE),ORAL,TARGIN,Couldn't be calculated,NA,NA,NA,NA,NA,MARKETED
312,2339625,NA,OXYCODONE HYDROCHLORIDE 40 MG,TABLET (EXTENDED-RELEASE),ORAL,TARGIN,60,1,2,7,14,30,MARKETED
313,2339625,NA,NALOXONE HYDROCHLORIDE 20 MG,TABLET (EXTENDED-RELEASE),ORAL,TARGIN,Couldn't be calculated,NA,NA,NA,NA,NA,MARKETED
314,2339625,NA,OXYCODONE HYDROCHLORIDE 40 MG,TABLET (EXTENDED-RELEASE),ORAL,TARGIN,60,1,2,7,14,30,MARKETED
315,2341174,NA,BUPRENORPHINE 5 MCG,PATCH,TRANSDERMAL,BUTRANS 5,Couldn't be calculated,NA,NA,NA,NA,NA,MARKETED
316,2341212,NA,BUPRENORPHINE 10 MCG,PATCH,TRANSDERMAL,BUTRANS 10,Couldn't be calculated,NA,NA,NA,NA,NA,MARKETED
317,2341220,NA,BUPRENORPHINE 20 MCG,PATCH,TRANSDERMAL,BUTRANS 20,Couldn't be calculated,NA,NA,NA,NA,NA,MARKETED
318,2341379,NA,FENTANYL 12 MCG,PATCH,TRANSDERMAL,PMS-FENTANYL MTX,48,1,2,7,14,30,MARKETED
319,2341387,NA,FENTANYL 25 MCG,PATCH,TRANSDERMAL,PMS-FENTANYL MTX,100,0,1,0,0,0,MARKETED
320,2341395,NA,FENTANYL 50 MCG,PATCH,TRANSDERMAL,PMS-FENTANYL MTX,200,0,0,0,0,0,MARKETED
321,2341409,NA,FENTANYL 75 MCG,PATCH,TRANSDERMAL,PMS-FENTANYL MTX,300,0,0,0,0,0,MARKETED
322,2341417,NA,FENTANYL 100 MCG,PATCH,TRANSDERMAL,PMS-FENTANYL MTX,400,0,0,0,0,0,MARKETED
323,2346362,NA,MORPHINE SULFATE 15 MG,TABLET (EXTENDED-RELEASE),ORAL,NTP-MORPHINE SR,15,3,6,21,42,90,CANCELLED PRE MARKET
324,2346370,NA,MORPHINE SULFATE 30 MG,TABLET (EXTENDED-RELEASE),ORAL,NTP-MORPHINE SR,30,2,3,14,28,60,CANCELLED PRE MARKET
325,2346389,NA,MORPHINE SULFATE 60 MG,TABLET (EXTENDED-RELEASE),ORAL,NTP-MORPHINE SR,60,1,2,7,14,30,CANCELLED PRE MARKET
326,2346397,NA,MORPHINE SULFATE 100 MG,TABLET (EXTENDED-RELEASE),ORAL,NTP-MORPHINE SR,100,0,1,0,0,0,CANCELLED PRE MARKET
327,2346400,NA,MORPHINE SULFATE 200 MG,TABLET (EXTENDED-RELEASE),ORAL,NTP-MORPHINE SR,200,0,0,0,0,0,CANCELLED PRE MARKET
328,2347180,Keep,TRAMADOL HYDROCHLORIDE 37.5 MG,TABLET,ORAL,TEVA-TRAMADOL/ACETAMINOPHEN,3.75,13,24,91,182,390,MARKETED
329,2349469,Keep,TRAMADOL HYDROCHLORIDE 50 MG,TABLET,ORAL,ULTRAM,5,10,18,70,140,300,MARKETED
330,2350815,NA,MORPHINE SULFATE 15 MG,TABLET (EXTENDED-RELEASE),ORAL,MORPHINE SR,15,3,6,21,42,90,MARKETED
331,2350890,NA,MORPHINE SULFATE 30 MG,TABLET (EXTENDED-RELEASE),ORAL,MORPHINE SR,30,2,3,14,28,60,MARKETED
332,2350912,NA,MORPHINE SULFATE 60 MG,TABLET (EXTENDED-RELEASE),ORAL,MORPHINE SR,60,1,2,7,14,30,MARKETED
333,2350920,NA,MORPHINE SULFATE 100 MG,TABLET (EXTENDED-RELEASE),ORAL,MORPHINE SR,100,0,1,0,0,0,CANCELLED POST MARKET
334,2350947,NA,MORPHINE SULFATE 200 MG,TABLET (EXTENDED-RELEASE),ORAL,MORPHINE SR,200,0,0,0,0,0,CANCELLED POST MARKET
335,2359502,NA,HYDROMORPHONE HYDROCHLORIDE 4.5 MG,CAPSULE (SUSTAINED-RELEASE),ORAL,HYDROMORPH CONTIN,22.5,2,4,14,28,60,MARKETED
336,2359510,NA,HYDROMORPHONE HYDROCHLORIDE 9 MG,CAPSULE (SUSTAINED-RELEASE),ORAL,HYDROMORPH CONTIN,45,1,2,7,14,30,MARKETED
337,2360322,NA,TRAMADOL HYDROCHLORIDE 75 MG,TABLET (EXTENDED-RELEASE),ORAL,ZYTRAM XL,7.5,7,12,49,98,210,MARKETED
338,2360349,NA,TRAMADOL HYDROCHLORIDE 100 MG,TABLET (EXTENDED-RELEASE),ORAL,ZYTRAM XL,10,5,9,35,70,150,MARKETED
339,2361361,NA,OXYCODONE HYDROCHLORIDE 5 MG,TABLET,ORAL,OXYCODONE/ACET,7.5,7,12,49,98,210,MARKETED
340,2364115,Keep,HYDROMORPHONE HYDROCHLORIDE 1 MG,TABLET,ORAL,APO-HYDROMORPHONE,5,10,18,70,140,300,MARKETED
341,2364123,Keep,HYDROMORPHONE HYDROCHLORIDE 2 MG,TABLET,ORAL,APO-HYDROMORPHONE,10,5,9,35,70,150,MARKETED
342,2364131,NA,HYDROMORPHONE HYDROCHLORIDE 4 MG,TABLET,ORAL,APO-HYDROMORPHONE,20,2,4,14,28,60,MARKETED
343,2364158,NA,HYDROMORPHONE HYDROCHLORIDE 8 MG,TABLET,ORAL,APO-HYDROMORPHONE,40,1,2,7,14,30,MARKETED
344,2366746,NA,OXYCODONE HYDROCHLORIDE 5 MG,TABLET (EXTENDED-RELEASE),ORAL,APO-OXYCODONE CR,7.5,7,12,49,98,210,APPROVED
345,2366754,NA,OXYCODONE HYDROCHLORIDE 10 MG,TABLET (EXTENDED-RELEASE),ORAL,APO-OXYCODONE CR,15,3,6,21,42,90,MARKETED
346,2366762,NA,OXYCODONE HYDROCHLORIDE 20 MG,TABLET (EXTENDED-RELEASE),ORAL,APO-OXYCODONE CR,30,2,3,14,28,60,APPROVED
347,2366789,NA,OXYCODONE HYDROCHLORIDE 80 MG,TABLET (EXTENDED-RELEASE),ORAL,APO-OXYCODONE CR,120,0,1,0,0,0,APPROVED
348,2372525,NA,OXYCODONE HYDROCHLORIDE 10 MG,TABLET (EXTENDED-RELEASE),ORAL,OXYNEO,15,3,6,21,42,90,MARKETED
349,2372533,NA,OXYCODONE HYDROCHLORIDE 15 MG,TABLET (EXTENDED-RELEASE),ORAL,OXYNEO,22.5,2,4,14,28,60,MARKETED
350,2372541,NA,OXYCODONE HYDROCHLORIDE 30 MG,TABLET (EXTENDED-RELEASE),ORAL,OXYNEO,45,1,2,7,14,30,MARKETED
351,2372568,NA,OXYCODONE HYDROCHLORIDE 40 MG,TABLET (EXTENDED-RELEASE),ORAL,OXYNEO,60,1,2,7,14,30,MARKETED
352,2372576,NA,OXYCODONE HYDROCHLORIDE 60 MG,TABLET (EXTENDED-RELEASE),ORAL,OXYNEO,90,1,1,7,14,30,MARKETED
353,2372584,NA,OXYCODONE HYDROCHLORIDE 80 MG,TABLET (EXTENDED-RELEASE),ORAL,OXYNEO,120,0,1,0,0,0,MARKETED
354,2372797,NA,OXYCODONE HYDROCHLORIDE 20 MG,TABLET (EXTENDED-RELEASE),ORAL,OXYNEO,30,2,3,14,28,60,MARKETED
355,2373017,NA,TRAMADOL HYDROCHLORIDE 100 MG,CAPSULE (EXTENDED RELEASE),ORAL,DURELA,10,5,9,35,70,150,MARKETED
356,2373025,NA,TRAMADOL HYDROCHLORIDE 200 MG,CAPSULE (EXTENDED RELEASE),ORAL,DURELA,20,2,4,14,28,60,MARKETED
357,2373033,NA,TRAMADOL HYDROCHLORIDE 300 MG,CAPSULE (EXTENDED RELEASE),ORAL,DURELA,30,2,3,14,28,60,MARKETED
358,2378272,NA,Tapentadol (Tapentadol Hydrochloride) 50 MG,TABLET (IMMEDIATE RELEASE),ORAL,NUCYNTA IR,15,3,6,21,42,90,MARKETED
359,2378280,NA,Tapentadol (Tapentadol Hydrochloride) 75 MG,TABLET (IMMEDIATE RELEASE),ORAL,NUCYNTA IR,22.5,2,4,14,28,60,MARKETED
360,2378299,NA,Tapentadol (Tapentadol Hydrochloride) 100 MG,TABLET (IMMEDIATE RELEASE),ORAL,NUCYNTA IR,30,2,3,14,28,60,MARKETED
361,2383209,Keep,TRAMADOL HYDROCHLORIDE 37.5 MG,TABLET,ORAL,ACT TRAMADOL/ACET,3.75,13,24,91,182,390,CANCELLED POST MARKET
362,2387123,Keep,TRAMADOL HYDROCHLORIDE 37.5 MG,TABLET,ORAL,IPG-TRAMADOL/ACET,3.75,13,24,91,182,390,APPROVED
363,2387425,NA,NALOXONE HYDROCHLORIDE 2.5 MG,TABLET (EXTENDED-RELEASE),ORAL,TARGIN,Couldn't be calculated,NA,NA,NA,NA,NA,MARKETED
364,2387425,NA,OXYCODONE HYDROCHLORIDE 5 MG,TABLET (EXTENDED-RELEASE),ORAL,TARGIN,7.5,7,12,49,98,210,MARKETED
365,2387425,NA,OXYCODONE HYDROCHLORIDE 5 MG,TABLET (EXTENDED-RELEASE),ORAL,TARGIN,7.5,7,12,49,98,210,MARKETED
366,2387425,NA,NALOXONE HYDROCHLORIDE 2.5 MG,TABLET (EXTENDED-RELEASE),ORAL,TARGIN,Couldn't be calculated,NA,NA,NA,NA,NA,MARKETED
367,2388197,Keep,TRAMADOL HYDROCHLORIDE 37.5 MG,TABLET,ORAL,RAN-TRAMADOL/ACET,3.75,13,24,91,182,390,MARKETED
368,2388294,Keep,TRAMADOL HYDROCHLORIDE 37.5 MG,TABLET,ORAL,TRAMAPHEN-ODAN,3.75,13,24,91,182,390,CANCELLED POST MARKET
369,2388308,Keep,TRAMADOL HYDROCHLORIDE 37.5 MG,TABLET,ORAL,JAMP-ACET-TRAMADOL,3.75,13,24,91,182,390,MARKETED
370,2388324,Keep,TRAMADOL HYDROCHLORIDE 37.5 MG,TABLET,ORAL,MAR-TRAMADOL/ACET,3.75,13,24,91,182,390,MARKETED
371,2388383,NA,METHADONE HYDROCHLORIDE 1 MG,TABLET,ORAL,PMS-METHADONE,Couldn't be calculated,NA,NA,NA,NA,NA,APPROVED
372,2388391,NA,METHADONE HYDROCHLORIDE 5 MG,TABLET,ORAL,PMS-METHADONE,Couldn't be calculated,NA,NA,NA,NA,NA,APPROVED
373,2388405,NA,METHADONE HYDROCHLORIDE 10 MG,TABLET,ORAL,PMS-METHADONE,Couldn't be calculated,NA,NA,NA,NA,NA,APPROVED
374,2388413,NA,METHADONE HYDROCHLORIDE 25 MG,TABLET,ORAL,PMS-METHADONE,Couldn't be calculated,NA,NA,NA,NA,NA,APPROVED
375,2389274,Keep,TRAMADOL HYDROCHLORIDE 37.5 MG,TABLET,ORAL,PAT-TRAMADOL/ACET,3.75,13,24,91,182,390,CANCELLED POST MARKET
376,2389800,Keep,TRAMADOL HYDROCHLORIDE 37.5 MG,TABLET,ORAL,MINT-TRAMADOL/ACET,3.75,13,24,91,182,390,MARKETED
377,2391554,Keep,TRAMADOL HYDROCHLORIDE 37.5 MG,TABLET,ORAL,PRIVA-TRAMADOL/ACET,3.75,13,24,91,182,390,MARKETED
378,2394170,NA,OXYCODONE HYDROCHLORIDE 5 MG,TABLET (EXTENDED-RELEASE),ORAL,ACT OXYCODONE CR,7.5,7,12,49,98,210,MARKETED
379,2394189,NA,OXYCODONE HYDROCHLORIDE 10 MG,TABLET (EXTENDED-RELEASE),ORAL,ACT OXYCODONE CR,15,3,6,21,42,90,MARKETED
380,2394197,NA,OXYCODONE HYDROCHLORIDE 20 MG,TABLET (EXTENDED-RELEASE),ORAL,ACT OXYCODONE CR,30,2,3,14,28,60,MARKETED
381,2394200,NA,OXYCODONE HYDROCHLORIDE 40 MG,TABLET (EXTENDED-RELEASE),ORAL,ACT OXYCODONE CR,60,1,2,7,14,30,MARKETED
382,2394219,NA,OXYCODONE HYDROCHLORIDE 80 MG,TABLET (EXTENDED-RELEASE),ORAL,ACT OXYCODONE CR,120,0,1,0,0,0,MARKETED
383,2394596,NA,METHADONE HYDROCHLORIDE 10 MG,SOLUTION,ORAL,METHADOSE,Couldn't be calculated,NA,NA,NA,NA,NA,MARKETED
384,2394618,NA,METHADONE HYDROCHLORIDE 10 MG,SOLUTION,ORAL,METHADOSE,Couldn't be calculated,NA,NA,NA,NA,NA,MARKETED
385,2394766,NA,OXYCODONE HYDROCHLORIDE 15 MG,TABLET (EXTENDED-RELEASE),ORAL,APO-OXYCODONE CR,22.5,2,4,14,28,60,MARKETED
386,2394774,NA,OXYCODONE HYDROCHLORIDE 30 MG,TABLET (EXTENDED-RELEASE),ORAL,APO-OXYCODONE CR,45,1,2,7,14,30,MARKETED
387,2394782,NA,OXYCODONE HYDROCHLORIDE 60 MG,TABLET (EXTENDED-RELEASE),ORAL,APO-OXYCODONE CR,90,1,1,7,14,30,MARKETED
388,2395657,NA,FENTANYL 12 MCG,PATCH,TRANSDERMAL,FENTANYL PATCH,48,1,2,7,14,30,MARKETED
389,2395665,NA,FENTANYL 25 MCG,PATCH,TRANSDERMAL,FENTANYL PATCH,100,0,1,0,0,0,MARKETED
390,2395673,NA,FENTANYL 50 MCG,PATCH,TRANSDERMAL,FENTANYL PATCH,200,0,0,0,0,0,MARKETED
391,2395681,NA,FENTANYL 75 MCG,PATCH,TRANSDERMAL,FENTANYL PATCH,300,0,0,0,0,0,MARKETED
392,2395703,NA,FENTANYL 100 MCG,PATCH,TRANSDERMAL,FENTANYL PATCH,400,0,0,0,0,0,MARKETED
393,2397536,NA,OXYCODONE HYDROCHLORIDE 5 MG,TABLET (EXTENDED-RELEASE),ORAL,PMS-OXYCODONE CR,7.5,7,12,49,98,210,APPROVED
394,2397544,NA,OXYCODONE HYDROCHLORIDE 15 MG,TABLET (EXTENDED-RELEASE),ORAL,PMS-OXYCODONE CR,22.5,2,4,14,28,60,APPROVED
395,2397552,NA,OXYCODONE HYDROCHLORIDE 30 MG,TABLET (EXTENDED-RELEASE),ORAL,PMS-OXYCODONE CR,45,1,2,7,14,30,APPROVED
396,2397560,NA,OXYCODONE HYDROCHLORIDE 60 MG,TABLET (EXTENDED-RELEASE),ORAL,PMS-OXYCODONE CR,90,1,1,7,14,30,APPROVED
397,2401657,Keep,TRAMADOL HYDROCHLORIDE 37.5 MG,TABLET,ORAL,PMS-TRAMADOL-ACET,3.75,13,24,91,182,390,MARKETED
398,2407981,Keep,TRAMADOL HYDROCHLORIDE 37.5 MG,TABLET,ORAL,LUPIN-TRAMADOL/ACET,3.75,13,24,91,182,390,APPROVED
399,2415577,NA,Tapentadol (Tapentadol Hydrochloride) 50 MG,TABLET (EXTENDED-RELEASE),ORAL,NUCYNTA EXTENDED-RELEASE,15,3,6,21,42,90,MARKETED
400,2415585,NA,Tapentadol (Tapentadol Hydrochloride) 100 MG,TABLET (EXTENDED-RELEASE),ORAL,NUCYNTA EXTENDED-RELEASE,30,2,3,14,28,60,MARKETED
401,2415593,NA,Tapentadol (Tapentadol Hydrochloride) 150 MG,TABLET (EXTENDED-RELEASE),ORAL,NUCYNTA EXTENDED-RELEASE,45,1,2,7,14,30,MARKETED
402,2415607,NA,Tapentadol (Tapentadol Hydrochloride) 200 MG,TABLET (EXTENDED-RELEASE),ORAL,NUCYNTA EXTENDED-RELEASE,60,1,2,7,14,30,MARKETED
403,2415615,NA,Tapentadol (Tapentadol Hydrochloride) 250 MG,TABLET (EXTENDED-RELEASE),ORAL,NUCYNTA EXTENDED-RELEASE,75,1,1,7,14,30,MARKETED
404,2416336,NA,OXYCODONE HYDROCHLORIDE 15 MG,TABLET (EXTENDED-RELEASE),ORAL,RAN-OXYCODONE CR,22.5,2,4,14,28,60,APPROVED
405,2416344,NA,OXYCODONE HYDROCHLORIDE 20 MG,TABLET (EXTENDED-RELEASE),ORAL,RAN-OXYCODONE CR,30,2,3,14,28,60,APPROVED
406,2416352,NA,OXYCODONE HYDROCHLORIDE 40 MG,TABLET (EXTENDED-RELEASE),ORAL,RAN-OXYCODONE CR,60,1,2,7,14,30,APPROVED
407,2416360,NA,OXYCODONE HYDROCHLORIDE 60 MG,TABLET (EXTENDED-RELEASE),ORAL,RAN-OXYCODONE CR,90,1,1,7,14,30,APPROVED
408,2416379,NA,OXYCODONE HYDROCHLORIDE 80 MG,TABLET (EXTENDED-RELEASE),ORAL,RAN-OXYCODONE CR,120,0,1,0,0,0,APPROVED
409,2417502,Keep,TRAMADOL HYDROCHLORIDE 37.5 MG,TABLET,ORAL,TRAMADOL-ACET,3.75,13,24,91,182,390,MARKETED
410,2424959,Keep,TRAMADOL HYDROCHLORIDE 37.5 MG,TABLET,ORAL,RIVA-TRAMADOL/ACET,3.75,13,24,91,182,390,CANCELLED POST MARKET
411,2425599,Keep,TRAMADOL HYDROCHLORIDE 37.5 MG,TABLET,ORAL,MYLAN-TRAMADOL/ACET,3.75,13,24,91,182,390,CANCELLED POST MARKET
412,2426153,Keep,TRAMADOL HYDROCHLORIDE 50 MG,TABLET,ORAL,TRAMADOL,5,10,18,70,140,300,MARKETED
413,2426803,Keep,TRAMADOL HYDROCHLORIDE 37.5 MG,TABLET,ORAL,TRAMADOL/ACET,3.75,13,24,91,182,390,MARKETED
414,2429969,Keep,TRAMADOL HYDROCHLORIDE 37.5 MG,TABLET,ORAL,TRAMADOL / ACETAMINOPHEN,3.75,13,24,91,182,390,MARKETED
415,2439050,Keep,TRAMADOL HYDROCHLORIDE 37.5 MG,TABLET,ORAL,AURO-TRAMADOL/ACETAMINOPHEN,3.75,13,24,91,182,390,MARKETED
416,2439220,NA,CODEINE (CODEINE PHOSPHATE) 8 MG,TABLET,ORAL,TAMICODE TABLETS,1.2,42,75,294,588,1260,APPROVED
417,2444275,NA,NALTREXONE HYDROCHLORIDE 50 MG,TABLET,ORAL,APO-NALTREXONE,Couldn't be calculated,NA,NA,NA,NA,NA,MARKETED
418,2450429,NA,TRAMADOL HYDROCHLORIDE 100 MG,TABLET (EXTENDED-RELEASE),ORAL,TARO-TRAMADOL ER,10,5,9,35,70,150,MARKETED
419,2450437,NA,TRAMADOL HYDROCHLORIDE 200 MG,TABLET (EXTENDED-RELEASE),ORAL,TARO-TRAMADOL ER,20,2,4,14,28,60,MARKETED
420,2450445,NA,TRAMADOL HYDROCHLORIDE 300 MG,TABLET (EXTENDED-RELEASE),ORAL,TARO-TRAMADOL ER,30,2,3,14,28,60,MARKETED
421,2450771,NA,BUPRENORPHINE 15 MCG,PATCH,TRANSDERMAL,BUTRANS 15,Couldn't be calculated,NA,NA,NA,NA,NA,MARKETED
422,2451883,NA,NALTREXONE HYDROCHLORIDE 50 MG,TABLET,ORAL,NALTREXONE HYDROCHLORIDE TABLETS USP,Couldn't be calculated,NA,NA,NA,NA,NA,MARKETED
423,2453703,NA,CODEINE PHOSPHATE 8 MG,TABLET,ORAL,WAMPOLE-ACETAMINOPHEN/CODEINE/CAFFEINE,1.2,42,75,294,588,1260,MARKETED
424,2453800,NA,MORPHINE SULFATE 15 MG,TABLET (EXTENDED-RELEASE),ORAL,BAR-MORPHINE SR,15,3,6,21,42,90,APPROVED
425,2453827,NA,MORPHINE SULFATE 30 MG,TABLET (EXTENDED-RELEASE),ORAL,BAR-MORPHINE SR,30,2,3,14,28,60,APPROVED
426,2453843,NA,MORPHINE SULFATE 60 MG,TABLET (EXTENDED-RELEASE),ORAL,BAR-MORPHINE SR,60,1,2,7,14,30,APPROVED
427,2453851,NA,MORPHINE SULFATE 100 MG,TABLET (EXTENDED-RELEASE),ORAL,BAR-MORPHINE SR,100,0,1,0,0,0,APPROVED
428,2453878,NA,MORPHINE SULFATE 200 MG,TABLET (EXTENDED-RELEASE),ORAL,BAR-MORPHINE SR,200,0,0,0,0,0,APPROVED
429,2460777,NA,HYDROMORPHONE HYDROCHLORIDE 3 MG,CAPSULE (EXTENDED RELEASE),ORAL,BAR-HYDROMORPHONE CR,15,3,6,21,42,90,APPROVED
430,2460785,NA,HYDROMORPHONE HYDROCHLORIDE 4.5 MG,CAPSULE (EXTENDED RELEASE),ORAL,BAR-HYDROMORPHONE CR,22.5,2,4,14,28,60,APPROVED
431,2460793,NA,HYDROMORPHONE HYDROCHLORIDE 6 MG,CAPSULE (EXTENDED RELEASE),ORAL,BAR-HYDROMORPHONE CR,30,2,3,14,28,60,APPROVED
432,2460807,NA,HYDROMORPHONE HYDROCHLORIDE 9 MG,CAPSULE (EXTENDED RELEASE),ORAL,BAR-HYDROMORPHONE CR,45,1,2,7,14,30,APPROVED
433,2460815,NA,HYDROMORPHONE HYDROCHLORIDE 12 MG,CAPSULE (EXTENDED RELEASE),ORAL,BAR-HYDROMORPHONE CR,60,1,2,7,14,30,APPROVED
434,2460823,NA,HYDROMORPHONE HYDROCHLORIDE 18 MG,CAPSULE (EXTENDED RELEASE),ORAL,BAR-HYDROMORPHONE CR,90,1,1,7,14,30,APPROVED
435,2460831,NA,HYDROMORPHONE HYDROCHLORIDE 24 MG,CAPSULE (EXTENDED RELEASE),ORAL,BAR-HYDROMORPHONE CR,120,0,1,0,0,0,APPROVED
436,2460858,NA,HYDROMORPHONE HYDROCHLORIDE 30 MG,CAPSULE (EXTENDED RELEASE),ORAL,BAR-HYDROMORPHONE CR,150,0,1,0,0,0,APPROVED
437,2469650,Keep,TRAMADOL HYDROCHLORIDE 37.5 MG,TABLET,ORAL,NRA-TRAMADOL/ACET,3.75,13,24,91,182,390,CANCELLED POST MARKET
438,2476614,NA,HYDROMORPHONE HYDROCHLORIDE 3 MG,CAPSULE (EXTENDED RELEASE),ORAL,APO-HYDROMORPHONE CR,15,3,6,21,42,90,MARKETED
439,2476622,NA,HYDROMORPHONE HYDROCHLORIDE 4.5 MG,CAPSULE (EXTENDED RELEASE),ORAL,APO-HYDROMORPHONE CR,22.5,2,4,14,28,60,MARKETED
440,2476630,NA,HYDROMORPHONE HYDROCHLORIDE 6 MG,CAPSULE (EXTENDED RELEASE),ORAL,APO-HYDROMORPHONE CR,30,2,3,14,28,60,MARKETED
441,2476649,NA,HYDROMORPHONE HYDROCHLORIDE 9 MG,CAPSULE (EXTENDED RELEASE),ORAL,APO-HYDROMORPHONE CR,45,1,2,7,14,30,MARKETED
442,2476657,NA,HYDROMORPHONE HYDROCHLORIDE 12 MG,CAPSULE (EXTENDED RELEASE),ORAL,APO-HYDROMORPHONE CR,60,1,2,7,14,30,MARKETED
443,2476665,NA,HYDROMORPHONE HYDROCHLORIDE 18 MG,CAPSULE (EXTENDED RELEASE),ORAL,APO-HYDROMORPHONE CR,90,1,1,7,14,30,MARKETED
444,2476673,NA,HYDROMORPHONE HYDROCHLORIDE 24 MG,CAPSULE (EXTENDED RELEASE),ORAL,APO-HYDROMORPHONE CR,120,0,1,0,0,0,MARKETED
445,2476681,NA,HYDROMORPHONE HYDROCHLORIDE 30 MG,CAPSULE (EXTENDED RELEASE),ORAL,APO-HYDROMORPHONE CR,150,0,1,0,0,0,MARKETED
446,2477092,Keep,TRAMADOL HYDROCHLORIDE 37.5 MG,TABLET,ORAL,AG-ACET-TRAMADOL,3.75,13,24,91,182,390,APPROVED
447,2477122,Keep,TRAMADOL HYDROCHLORIDE 37.5 MG,TABLET,ORAL,BIO-TRAMADOL/ACET,3.75,13,24,91,182,390,APPROVED
448,2478889,NA,MORPHINE SULFATE 100 MG,TABLET (EXTENDED-RELEASE),ORAL,SANDOZ MORPHINE SR,100,0,1,0,0,0,NA
449,2478897,NA,MORPHINE SULFATE 200 MG,TABLET (EXTENDED-RELEASE),ORAL,SANDOZ MORPHINE SR,200,0,0,0,0,0,NA
450,2479672,Keep,TRAMADOL HYDROCHLORIDE 50 MG,TABLET,ORAL,AURO-TRAMADOL,5,10,18,70,140,300,MARKETED
451,2480859,Keep,TRAMADOL HYDROCHLORIDE 50 MG,TABLET,ORAL,MAR-TRAMADOL,5,10,18,70,140,300,APPROVED
452,2481979,NA,METHADONE HYDROCHLORIDE 10 MG,SOLUTION,ORAL,METHADONE HYDROCHLORIDE ORAL CONCENTRATE USP,Couldn't be calculated,NA,NA,NA,NA,NA,APPROVED
453,2485532,NA,HYDROMORPHONE HYDROCHLORIDE 20 MG,SOLUTION,ORAL,HYDROMORPHONE HYDROCHLORIDE INJECTION USP,Couldn't be calculated,NA,NA,NA,NA,NA,APPROVED
454,2485540,NA,HYDROMORPHONE HYDROCHLORIDE 40 MG,SOLUTION,ORAL,HYDROMORPHONE HYDROCHLORIDE INJECTION USP,Couldn't be calculated,NA,NA,NA,NA,NA,APPROVED
